<?xml version="1.0" encoding="UTF-8"?>
<beans xmlns="http://www.springframework.org/schema/beans"
	xmlns:xsi="http://www.w3.org/2001/XMLSchema-instance"
	xmlns:mvc="http://www.springframework.org/schema/mvc"
	xmlns:context="http://www.springframework.org/schema/context"
	xmlns:tx="http://www.springframework.org/schema/tx"
	xmlns:aop="http://www.springframework.org/schema/aop"
	xsi:schemaLocation="
        http://www.springframework.org/schema/beans
        http://www.springframework.org/schema/beans/spring-beans.xsd
        http://www.springframework.org/schema/context
        http://www.springframework.org/schema/context/spring-context.xsd
        http://www.springframework.org/schema/mvc
        http://www.springframework.org/schema/mvc/spring-mvc.xsd 
        http://www.springframework.org/schema/aop 
        http://www.springframework.org/schema/aop/spring-aop.xsd 
        http://www.springframework.org/schema/tx   
        http://www.springframework.org/schema/tx/spring-tx.xsd">

	<context:component-scan base-package="mvc" />

	<!-- 解析properties文件 -->
	<context:property-placeholder
		location="classpath:db.properties" />

	<!-- 数据库框架bean -->
	<bean id="dataSource"
		class="com.mchange.v2.c3p0.ComboPooledDataSource">
		<property name="driverClass" value="${hibernate.driver}" />
		<property name="jdbcUrl" value="${hibernate.url}" />
		<property name="user" value="${hibernate.user}" />
		<property name="password" value="${hibernate.passwd}" />
	</bean>

	<bean id="sessionFactory"
		class="org.springframework.orm.hibernate4.LocalSessionFactoryBean">
		<property name="dataSource" ref="dataSource" />
		<property name="packagesToScan" value="mvc.entity" />
		<property name="hibernateProperties">
			<props>
				<prop key="hibernate.dialect">${hibernate.dialect}</prop>
				<prop key="hibernate.show_sql">${hibernate.show_sql}</prop>
				<prop key="hibernate.format_sql">${hibernate.format_sql}</prop>
				<prop key="hibernate.hbm2ddl.auto">${hibernate.hbm2ddl.auto}</prop>
			</props>
		</property>
	</bean>

	<bean id="hibernateTemplate"
		class="org.springframework.orm.hibernate4.HibernateTemplate">
		<property name="sessionFactory" ref="sessionFactory"></property>
	</bean>

	<!-- 配置spring的事物处理 -->
	<!-- 创建事物管理器 -->
	<bean id="txManager"
		class="org.springframework.orm.hibernate4.HibernateTransactionManager">
		<property name="sessionFactory" ref="sessionFactory" />
	</bean>

	<!-- 配置aop，spring是通过aop来进行事物管理的。aop即面向切面编程 -->
	<aop:config>
		<!-- 设置pointcut，表示哪些方法需要加上事物处理 -->
		<aop:pointcut id="allMethods"
			expression="execution(* mvc.dao.*.*(..))" />
		<!-- 通过advisor来确定具体要加入事物控制的方法 -->
		<aop:advisor advice-ref="txAdvice"
			pointcut-ref="allMethods" />
	</aop:config>
	<!-- 配置哪些方法要加入事物控制 -->
	<tx:advice id="txAdvice" transaction-manager="txManager">
		<tx:attributes>
			<!-- 让所有的方法加入事物 -->
			<tx:method name="*" propagation="REQUIRED" />
		</tx:attributes>
	</tx:advice>

</beans>